15,Тур в Карелию,"За 3 дня мы проедем вокруг Ладожского озера и покажем все самое стоящее, что должен увидеть каждый гость Карелии.","За 3 дня мы проедем вокруг Ладожского озера и покажем все самое стоящее, что должен увидеть каждый гость Карелии. Дивные природные пейзажи будут радовать взгляд, а тщательно продуманный и насыщенный маршрут тура с интерактивной программой станет увлекательным путешествием. Заглянем в гости к дружелюбным собакам хаски и северным оленям и узнаем, как поживает карельский дед мороз Талви Укко с внучкой Лумикки в своей резиденции! Гарантия выезда на каждую дату!

Все даты (без учёта дороги): 8-10 ноября, 15-17 ноября, 22-24 ноября, 29-1 декабря.

1 день (четверг)

- 21:00-22.00 Отправление на поезде из Москвы в Санкт-Петербург. Билеты приобретаются дополнительно.

2 день (пятница)

- 6.00-6.30 Прибытие в Санкт-Петербург на Московский Вокзал. Сбор группы у гостиницы Октябрьская.

-  7.00 Отправление в Карелию. Путевая экскурсия «История вепсов и карелов. Два народа - две судьбы». Как возникла Карелия, какова связь и влияние славянской цивилизации на вепсов и карелов, почему Олонец - это город связующий две цивилизации и культуры - это и многое другое вы узнаете по дороге в Карелию, любуясь пейзажами за окном. Будет, конечно, и тихое время, чтобы вздремнуть по дороге и набраться сил перед предстоящим насыщенным днем. 

- Посещение Александро-Свирского монастыря - «место силы» и центр распространения русской культуры на северные земли карел и вепсов. Сегодня это один из самых грандиозных монастырских архитектурных комплексов во всей России. Тем, кто не интересуется религией, будет интересно посетить монастырь с исторический и архитектурной точки зрения, а люди, верующие смогут поклониться мощам святого Александра Свирского.

- Обед в кафе - от 500 р. (по желанию).

- Экскурсия в Музей Карелов в г. Олонец, который является первым карельским городом, откуда впоследствии разрослась Карелия. Наглядно представлены быт, промыслы и обрядности предков современных карелов, специальная выставка посвящена купеческому сословию Олонца. Аутентичный облик поселения украшают знаменитые Олонецкие подвесные пешеходные мосты.

- Интерактивная программа в деревне Киндасово - это «суверенное государство», которым объявляют себя киндасовцы, и самая веселая деревня в Карелии. По приезду вы сразу же попадете в руки «Семейки весельчаков», которые познакомят Вас с музыкальной культурой Карелии и откроют смысл таких слов как «кантеле», «ёухикко», «ёйги», «пийрилейки», «руны». Особое место в программе занимает знакомство с пастушеской традицией и древними инструментами пастухов, на которых всем желающим разрешается поиграть.

- Чаепитие с карельской домашней выпечкой на родниковой водичке (включено).

- Прибытие в Петрозаводск. Размещение в отеле. Для вас 2-хместные номера с удобствами. Либо можно заказать 1-местное размещение за доплату или 3-хместное под запрос.

- Свободное время. Ужин в ресторане отеля или города (самостоятельно). У вас будет возможность познакомиться с еще одной достопримечательностью - карельской кухней.

3 день (суббота)

- Завтрак в отеле (включено).

- Обзорная экскурсия по Петрозаводску. Вы узнаете об истории города и увидите главные достопримечательности, среди которых особое место занимает набережная Онежского озера, вдоль которой можно увидеть необычные памятники, подаренные городами-побратимами. Это самое красивое место Петрозаводска, настоящий музей под открытым небом. Вы сможете сделать забавные фото с кошельком на счастье из Риги,  футуристичными с американскими рыбаками из Миннесоты, а также, прошептать заветную мечту в специальное ухо у Древа Желаний!

- Экскурсия на древний Вулкан Гирвас - природный памятник международного значения. Много лет тому назад здесь извергались лавовые потоки на поверхность земли, а в небо выбрасывались вулканические бомбы диаметром более 1 метра. От тех времен остались причудливые нагромождения камней, застывшие лавовые языки и жерло палеовулкана. 

- Экскурсия на Водопад Кивач - это второй по величине равнинный водопад Европы, покрытый льдом и снегом. Он не замерзает даже зимой. Сжатые базальтовыми скалами воды реки Суны, с высоты 11 метров тяжелым литым потоком обрушиваются по ступеням каменной лестницы, образуя мощный, в клочьях пены, водоворот и создавая впечатляющий шум. Полюбоваться на каскады водопада вы сможете со специально обустроенных смотровых площадок и затеем познакомиться с животным и растительным миром Карелии в Музее Природы.

- Обед в кафе - от 550 р. (по желанию).

- Экскурсия по Питомнику Хаски и Оленьей Ферме на территории Усадьбы Карельского Деда Мороза Талви Укко. Местный опытный каюр расскажет интересные факты о дружелюбных собаках и жизни северных оленей. Вы сможете пообщаться и сфотографироваться с аляскинскими и сибирскими хаски, маламутами и самоедами. 

- Затем можете посетить Саамскую деревню и посмотреть на яранги и чумы, и сфотографироваться на память в традиционных костюмах северных народов.

- А после этого рекомендуем погулять на территории мини-фермы с индюшками, гусями, енотом, пони, настоящей норкой, милым пони и ручными белками.

- Гранд-макет '"Карелия'" в главном доме Талви Укко - это возможность увидеть все основные достопримечательности Карелии в миниатюре.

- Возвращение в Петрозаводск. Свободное время. Ужин в ресторане отеля или города (самостоятельно). Истинным ценителям гастротуризма предлагаем обратить внимание на музей-ресторан “ВКарелии Есть”, где в стильных интерьерах пространства проводятся дегустации и кулинарные мастер-классы. Все блюда готовятся исключительно из местных продуктов, по исконно карельским рецептам или в уникальной интерпретации ведущего шеф-повара. Интересно будет заглянуть в расположенную здесь же иммерсивную пещеру Петроглифов.

4 день (воскресенье)

- Завтрак в отеле (включено). Выезд из отеля с вещами.

- Отправление в сторону Горного парка '"Рускеала'". Вас ждет живописная дорогапо берегу Ладожского озера, открывая изумительные виды на Ладожские шхеры. 

- Обед в кафе - от 500 р. (по желанию).

- Рускеальские водопады Ахвенкоски - небольшие, но живописные каскады на лесной реке Тохмайоки привлекли в свое время многих кинорежиссеров: здесь проходили съемки знаменитых кинофильмов «А зори здесь тихие», «Темный мир». Экологический маршрут, который вьется вокруг водопадов, приглашает любителей природы на прогулку на свежем воздухе, чтобы познакомиться с окружающим ландшафтом поближе и найти сказочных персонажей на «Алее сказок». Подвесные мостики, протянутые прямо над водопадами, завершают маршрут и позволяют сделать самые потрясающие кадры. Дополнительно можно прогуляться по экотропе: (300 р./взр., 250 - шк., студ., дети до 7 лет - бесплатно).

- Обзорная экскурсия в Горный парк '"Рускеала'" - это главная круглогодичная достопримечательность Карелии. Территория горного парка огромна. Центром интереса является Мраморный каньон - это большое, вытянутое с юга на север озеро с кристально чистой водой и отвесными берегами, состоящими из настоящего мрамора. Именно здесь когда-то добывали этот декоративный камень для отделки архитектурных шедевров Санкт-Петербурга. На экскурсии вас проведут по штольням и пещерам и покажут самые красивые видовые площадки, на которых удобно делать фотографии. 

- Свободное время. Можно прокатиться на зиплайне, на лодочках по каньону, покушать в кафе, купить сувениры, посетить ресторан Ретропоезда с сделать с ним фото.

- 17.00 Отправление на Ретропоезде из Горного парка Рускеала. Желающие окунуться в дух исторического путешествия могут приобрести билеты на Рускеальский Экспресс прокатиться до города Сортавала под стук колес на настоящем паровозе со старинными интерьерами. Билеты приобретаются дополнительно на сайте РЖД - от 500 до 2000 р. (по желанию).

-  Выезд на автобусе из Горного парка Рускеала. Если Вы не приобрели билеты на Ретропоезд, то далее отправитесь на автобусе в Сортавалу в сопровождении нашего гида. 

- Встреча у вокзала в Сортавале туристов с Ретропоезда. Отправление автобуса в сторону Санкт-Петербурга.

- Остановка у Фирменного магазина форелевого хозяйства. На обратном пути мы заедем за карельскими дарами, которые понравятся вашей семье и друзьям. Фирменный магазин форелевого хозяйства готов предложить не только копченую и соленую красную рыбу. В дороге ничего не испортится, так как всё можно упаковать в термопакеты.

- 00:00 Ориентировочное время прибытия в Санкт-Петербург на Московский вокзал. Рекомендуемые поезда отправляются в 00.45, 1.05, 2.04 с прибытием в 9-10 утра в Москву.

5 день (понедельник)

- 10.00 Прибытие на поезде в Москву. 

Стоимость тура при размещении в отеле 3* - 18750 р., одноместное - 24150 р., в отеле 4* - 21950 р., одноместное - 30350 р. Детям и пенсионерам скидки от 500 до 800 р. Для брони можно написать в WhatsApp: 8(960)067-30-97 менеджер Ульяна.

Включено: проживание в отеле выбранной категории, экскурсии по программе, входные билеты в музеи, питание по программе, сопровождение экскурсоводом, туристический автобус. Предоплата 50%. Доплата за 14 дней до начала тура.

Дополнительно: ж/д билеты Москва - Санкт-Петербург - Москва и ж/д билеты: «Ретропоезд» Рускеала - Сортавала.

Вы можете заказать экскурсию в Карелию для своей группы. Стоимость рассчитывается индивидуально.",5500.00,images/Tours/Karelia.png,5,"Карелия, туры, путешествия",Описание тура в Карелию,Тур в Карелию,20.10.2025
12,Тур в Беларусь,Приглашаем вас в Беларусь!,"Приглашаем вас в Беларусь! В этом туре вы увидите главные и старейшие города Беларуси - тысячелетний Минск и Брест! Кроме того вы осмотрите величественные средневековые замки и храмы в Новогрудке, посетите всемирно известные мемориалы в Хатыни и Брестской крепости, познакомитесь с '"заповедным напевом'" Беловежской пущи и колоритным музеем народного быта.


В программе:

1 день (1 ноября)

- Прибытие в Минск, встреча на вокзале у вагона № 5 вашего поезда. Трансфер в гостиницу. Выдача информпакета (памятка с подробной программой, карта Минска).

- Размещение в гостиницах Минска в самом красивом центре города: '"Беларусь'" 3* и '"Виктория & СПА'" 4*. Для вас 2-хместные номера с удобствами. Можно заказать 1-местное размещение за доплату.

- Завтрак в гостинице '"шведский стол'" (включено).

- 09:00 Экскурсия '"Под звездой Новогрудка'" - это один из древнейших городов Беларуси, первая столица Великого Княжества Литовского. Живописные пейзажи, легендарный замок, древнейшие культовые постройки - православные, католические, мусульманские, иудейские - могли бы послужить декорациями к историческому фильму. Вы увидите такой первостепенной важности памятник, как руины Новогрудского замка, который начал отстраивать в камне и кирпиче еще в ХIII столетии великий князь Миндовг. С Замковой горы открывается невероятный вид на окрестности, а у ее подножья - Костел Преображения Господня, заложенный великим князем Витовтом в конце ХIV века. Вы увидите также другие достопримечательности: Гору Миндовга, Торговые ряды 1812 года и аллею декоративных фонарей.

- Экскурсия по Музею-Усадьбе поэта Адама Мицкевича, которая оставит сильное впечатление благодаря тщательно подобранной экспозиции: уютные интерьеры, обширная ухоженная территория. Пребывание здесь дает возможность представить жизнь белорусской шляхты во всем ее разнообразии. Шляхетский дом с крылечком на столбах, лямус, амбар, колодец, старая липа - так и просятся в объектив фотоаппарата. 

- Посещение романтичного озера Свитязь, самого красивого в Беларуси. По форме оно напоминает овал площадью 220 га, близкий к кругу и обрамленный плотным кольцом леса. Небольшой отдых на берегу овеянной легендами озера.

- Обед в кафе города (включено).

- Посещение музея Еврейского сопротивления. Нацисты в ходе Холокоста убили в Новогрудском гетто около 4500 евреев. Однако в мае 1943 года узники гетто начали рыть подземный ход длиной 250 метров и через него осуществили побег - спаслось 232 человека, часть которых присоединилось к партизанскому отряду братьев Бельских, о которых был снят фильм '"Вызов'" с Дэниелом Крэйгом.

- Посещение картинной галереи Кастуся Качана, современного белорусского художника, которого называют певцом белорусских местечек. Во время экскурсии вы совершите занимательное путешествие по белорусским местечкам на фоне старинных архитектурных памятников. Магия галереи еще и в особой архитектуре - перед нами откроется традиционная дворянская усадьба. Особым волшебством обладают и богатая коллекция Неманского стекла, мебели и предметов быта прошлого. В семейной гостиной под звуки музыки жена художника Жанна Леонович расскажет много интересного и угостит ароматным чаем с домашним печеньем. 

- Возвращение в Минск. Трансфер в гостиницу.

- Свободное время. Ужин в ресторане гостиницы или кафе города (самостоятельно). 

2 день (2 ноября)

- Завтрак в гостинице '"шведский стол'" (включено).

- 10:00 Обзорная экскурсия по Минску (4 часа), во время которой вы узнаете о прошлом города в широких исторических рамках. Вы увидите Петро-Павловскую церковь начала ХVII века и '"Красный'" костел начала ХХ века, древнейшую улицу Немигу, что начиналась от Минского замка, и живописный Верхний город, с которым жизнь Минска была связана на протяжении пяти веков. На его главной площади Свободы находится гостиный двор, торговые ряды, несколько монастырских комплексов (бернардинцев, базилиан, иезуитов). Здесь вы увидите наиболее ценные архитектурные памятники города - Кафедральные православный и католический соборы ХVII века, восстановленную Ратушу. Вы узнаете о страницах жизни дореволюционного Минска, работе городского магистрата, традициях Магдебургского права. Вы сможете сделать прекрасные фотографии на фоне многочисленных уличных скульптур - экипажа, городских весов, войта. Перед вашим взором предстанут величественные ансамбли площадей и проспектов Минска, монументальные здания эпохи конструктивизма, знаменитый ансамбль главной улицы - памятника конструктивизма. Вы увидите современные общественные и спортивные сооружения: оригинальную Национальную библиотеку и грандиозную Минск-арену. 

- Пешеходная прогулка по живописному Троицкому Предместью, где кипела жизнь города позапрошлого века и куда сегодня влекут гостей музеи, сувенирные лавки, уютные кафе, корчмы и многое другое.

- Обед в ресторане города (включено).

- Свободное время для прогулки по городу и покупки сувениров.

- 14:30 Экскурсия в Мемориальный комплекс Хатынь (3,5 часа), которая посвящена событиям Великой Отечественной войны, трем долгим годам оккупации Беларуси. На месте трагедии был создан величественный архитектурно-скульптурный комплекс, имеющий планировочную структуру деревни Хатынь - с улицами, колодцами, домами. В тех местах, где когда-то стояли дома, поставлено 26 символических венцов-срубов с опаленными печными трубами. А сверху - печально звенящие колокола. Здесь же находятся единственное в мире Кладбище деревень, Стена памяти с названиями концлагерей и количеством жертв. Сильное эмоциональное воздействие достигается гармоничным единством с природой, звуковым сопровождением, выразительностью архитектуры и пластики.

- Посещение Кургана Славы - памятника освободителям Минска. Вы сможете подняться на его вершину

- 18:30 Возвращение в Минск. Трансфер в гостиницу.

- Свободное время. Ужин в ресторане гостиницы или кафе города (самостоятельно). 

3 день (3 ноября)

- Завтрак в гостинице '"шведский стол'" (включено). Освобождение номеров.

- 08:00 Отправление из Минска в Брест и Беловежскую пущу.

- 13:00 Прибытие в Брест.

- Размещение в гостиницах Бреста в центре города вблизи центрального парка: '"Веста'" 3* и '"Hampton by Hilton Brest'" 4*. Для вас 2-хместные номера с удобствами. Можно заказать 1-местное размещение за доплату. В непосредственной близости находятся культурные и исторические памятники, театр драмы и музыки.

- Обед в кафе города (включено).

- Посещение Брестской крепости - это знаменитая историческая достопримечательность Белоруссии, выполняющая роль надежной преграды на пути врагов с 40-х годов XIX века, ставшая символом героического сопротивления советских войск во время Великой Отечественной войны. Общая площадь комплекса составляет около 4 квадратных километров. В едином архитектурно-художественном ансамбле мемориала представлены руины старой крепости, форты, бастионы, казармы, места боев, монументальные скульптурные композиции: главный монумент '"Мужество'", штык-обелиск, площадь Церемониалов, скульптурную композицию '"Жажда'", 3 ряда мемориальных плит с захоронениями погибших, руины и уцелевшие сооружения крепости, а также музеи. Главный вход в Брестскую крепость выглядит как огромная звезда, прорезанная в бетонном блоке.

- Экскурсия в Музей Обороны Брестской крепости, размещенного в старинной казарме на центральном острове крепости, богатая экспозиция которого оставит сильное впечатление.

- Обзорная экскурсия по Бресту, в ходе которой вы увидите культурное наследие этого города, его древние и современные памятники: Свято-Симеоновский собор, Николаевскую братскую церковь, особняки XIX - начала ХХ века. Вы прогуляетесь по живописной пешеходной улице города - на ней и на примыкающих бульварах в последние годы появилось множество оригинальных малых архитектурных форм: фонарей, скамеек, забавных уличных скульптур. И не упустите аттракцию - здесь на закате вы сможете полюбоваться ежедневной церемонией зажжения ретро-фонарей фонарщиком в форме петровских времен и сфотографироваться с ним на счастье.

- Трансфер в гостиницу.

- Свободное время. Ужин в ресторане гостиницы или кафе города (самостоятельно). 

4 день (4 ноября)

- Завтрак в гостинице '"шведский стол'" (включено). Освобождение номеров.

- Экскурсия в Беловежскую Пущу, занесенную в Список мирового культурного и природного наследия ЮНЕСКО - это Национальный парк, в котором сочетаются богатый растительный мир и изумительные ландшафты. Древнейший заповедный лес, средний возраст которого 81 год, а некоторые деревья достигают 600 лет, бьет все мировые рекорды по разнообразию флоры и фауны. Здесь растет 958 видов растений, обитает 59 видов млекопитающих животных, 227 видов птиц и 24 вида рыб. Здесь обитают лесные гиганты зубры, королевские олени, волки, лисы, бобры, куницы, рыси, кабаны и другие животные, которых, к сожалению, уже редко можно увидеть в дикой природе. Вы сможете полюбоваться различными ландшафтами, увидеть 600-летний дуб, 350-летнюю сосну и исторические памятники. 

- Посещение Музея Природы, богатая коллекция экспонатов которого представляет полную палитру флоры и фауны Беларуси. Здесь можно увидеть редчайшие экспонаты, составленные в композиции так, что создается эффект присутствия в диком первобытном лесу. Впечатление усиливают щебет птиц, шум ветра и голоса животных, звучащие из репродукторов. Представлены в музее и чучела уже навсегда исчезнувших или исчезающих животных и птиц. Экспозиции выполнены с максимальным приближением к реальности, отображают видовое богатство и насыщенность лесных экосистем Беловежской пущи. Отдельные сцены показывают, как охотятся в лесу животные, например, охота волков на оленя.

- Посещение Музея народного быта и старинных технологий, в котором представлены предметы домашнего обихода и утварь. Вы познакомитесь с культурой, традициями и повседневным бытом жителей Беловежской пущи XIX века, с процессом самогоноварения.

- Дегустация '"пущанских'" угощений и рюмочки прославленного беловежского самогона (для взрослых) с хлебом и салом (включено).

- Посещение Вольеров с животными -  это небольшой лесной зоопарк площадью 20 га, где можно полюбоваться величественными зубрами, грациозными оленями и косулями, увидеть осторожную рысь, волков, медведя, лисицу, некоторые виды хищных птиц и многих других Здесь можно полюбоваться на огромных реликтовых исполинов, на которых никто давно не охотится, и поэтому они подпускают к себе человека совсем близко. 

- Свободное время для фотографирования и покупки сувениров из дерева, глины, соломки.

- Обед в кафе корода (включено)

- Отправление в Брест с песней '"Беловежская пуща'".

- Экскурсия вокруг величественной башни-донжон, построенной в конце ХІІІ века в городке Каменец. Высотой 30 метров, башня представляет собой яркий образец древнего оборонного зодчества: толщина ее стен 2,5 м.

- Прибытие в Брест. Свободное время для прогулки по городу и покупки сувениров.

- Трансфер на ж/д вокзал для тех, у кого билеты на поезд из Бреста. Отправление в Москву.

- 16:30 Отправление автобуса в Минск.

- 21:30 Прибытие в Минск на ж/д вокзал. Отправление в Москву.

Стоимость тура зависит от выбранной категории отеля:

Гостиница 3* '"Беларусь'" (номера твин) в Минске и '"Веста'" (номера твин) в Бресте: для взрослых - 34500 р., для детей от 6 до 16 лет - 33000 р., одноместное - 41900 р.

Гостиница 3* '"Беларусь'" (номера твин) в Минске '"Hampton by Hilton Brest'" (номера твин) в Бресте: для взрослых - 36900 р., для детей от 6 до 16 лет - 35900 р., одноместное - 46900 р.

Гостиница 4* '"Виктория & СПА'" (номера твин) в Минске и '"Веста'" (номера твин) в Бресте: для взрослых - 45900 р., для детей от 6 до 16 лет - 44000 р., одноместное - 58900 р.

Гостиница 4* '"Виктория & СПА'" (номера твин/дабл) в Минске и '"Hampton by Hilton Brest'" (номера твин/дабл) в Бресте: для взрослых - 46400 р., для детей от 6 до 16 лет - 43800 р., одноместное - 63500 р.

В стоимость тура входит: размещение в выбранном отеле, питание по программе, дегустация, транспортное и экскурсионное обслуживание по программе, входные билеты, трансфер в гостиницу, посещение бассейна в гостинице '"Беларусь'" (2 часа) или СПА-центра с бассейном в гостинице '"Виктория & СПА'" (безлимит), информпакет: памятка, карта Минска с указанием отеля, музеев, магазинов. Предоплата 50% с человека, полная оплата за 3 недели до начала экскурсии. В случае отказа от экскурсии за 7 дней до начала экскурсии, предоплата не возвращается.

Дополнительно приобретаются ж/д билеты: Москва - Минск 22:10 поезд 001Б или 22:17 поезд 003Б и Минск/Брест-Москва 

Вы можете заказать экскурсию в Беларусь для своей группы. Стоимость рассчитывается индивидуально.",7000.00,images/Tours/Belarus.png,12,"Беларусь, туры, путешествия",Описание тура в Беларусь,Тур в Беларусь,30.02.2025
17,Тур в Смоленск,"Приглашаем вас на '"Посиделки по-смоленски'" - один из самых популярных и востребованных маршрутов.","Приглашаем вас на '"Посиделки по-смоленски'" - один из самых популярных и востребованных маршрутов. Вы увидите '"Ожерелье Руси православной'" - Смоленскую крепость, посетите главную святыню города - Успенский Собор. Вас ждет легендарный олень из восточной Пруссии, памятник с орлами и единственная сохранившаяся в России стелла А. Адамини. Вы окунетесь в богатую историю Смоленской земли.

Менеджер по турам в Смоленск: Галина, +79036586898 (WhatsApp)

В программе:

1 день

- 07:15 Отправление из Москвы в Смоленск Ласточкой № 715М с Белорусского вокзала.

- 11:21 Встреча с гидом возле центрального входа ж/д вокзала.

- Трансфер в гостиницы.

- Размещение в гостиницах Смоленска: '"Стандарт Отель'", '"Респект Отель'", '"Смоленскотель'", '"Мегаполис'". Для вас 2-хместные номера с удобствами. Можно заказать 1-местное размещение за доплату.

- 13:00 Экскурсия '"Святыни Успенского собора'", который является визитной карточкой города. Ему удалось уцелеть и во время нескольких войн, и в годы советской власти. Сегодня он предстает практически в первозданном виде - во всем своем величии, с пятиярусным резным иконостасом XVIII века, высота которого составляет 30 метров. Собор окружают и другие постройки: храмы, колокольня, палаты и корпуса, образуя архитектурный ансамбль в стиле барокко. Здесь хранятся настоящие шедевры искусства: золоченый резной иконостас и плащаница, вышитая мастерицами тетки Ивана Грозного Ефросиньи Старицкой. На вершине горы установлены лавочки и оборудована смотровая площадка, откуда можно любоваться живописными видами Смоленска. Красота и богатое убранство Успенского собора никого не оставит равнодушным. 

- Обед с дегустаций блюд смоленской кухни (включено).

- Обзорная экскурсия '"Смоленск - наш город'", во время которой вы прогуляетесь по улицам, скверам и паркам города, познакомитесь с его достопримечательностями, погрузитесь в историю и легенды Крепостной стены, более 400 лет являющейся главным символом города. Вы услышите проникновенные рассказы о подвигах смолян и русских воинов в период Смутного времени, Отечественной войны 1812 года и Великой Отечественной войны 1941-1945 годов, ощутите удивительную атмосферу земли Смоленской, в которой воспитывалась целая плеяда выдающихся земляков: М. Глинка, Н. Пржевальский, М. Микешин, С. Коненков, В. Докучаев, М. Исаковский, А. Твардовский, Б. Васильев, Ю. Гагарин и многие другие.

- 16:00 Окончание программы в центре города возле Драмтеатра.

- Свободное время. Можно погулять по городу, поужинать в кафе (самостоятельно).

- Возвращение в отель (самостоятельно).

2 день

- Завтрак в отеле (включено).

- 07:30 Отправление в поселок Новоспасское.

- 09:30 Посещение усадьбы М.И. Глинки - единственного в мире мемориального музея композитора, открытого в мае 1982 году. Сейчас это один из культурно-исторических центров Смоленщины. В историю Михаил Иванович Глинка вошел как основоположник русской классической музыки. Здесь, в Новоспасском, прошло его детство, он получил первые музыкальные впечатления, познал красоту русской народной песни и работал над своими бессмертными произведениями.

- Отправление на хутор Загорье - малую родину А.Т. Твардовского.

- 12:30 Посещение музея-усадьбы А.Т. Твардовского с интерактивной программой '"Чаепитие с Василием Теркиным'". Поэт всегда отзывался о родных краях с особой душевной теплотой, ведь здесь он написал свои первые стихи, впитал любовь к этой '"кислой, подзолистой, скупой и недоброй, но нашей земле'". 

- Отправление в Талашкинское поселение, деревню Фленово.

- 15:00 Обед в кафе, а на десерт - вкуснейшие смоленские конфеты (включено).

- 15:30 Посещение историко-архитектурного комплекса '"Теремок'", который расположен в усадьбе князей Тенишевых - коллекционеров и меценатов, игравших большую роль в культурной жизни Смоленска и всей России. На рубеже XIX-XX веков дворянское имение в селе Талашкино стало гостеприимным домом для представителей творческой интеллигенции. Здесь Мария Клавдиевна Тенишева создала художественный центр, который впоследствии стал известен не только в России, но и в Европе. Этот комплекс своими фантастическими росписями, напоминает домик, сошедший со страниц старых добрых сказок. По эскизам Н.К. Рериха была создана смальтовая мозаика '"Спас Нерукотворный'" над порталом церкви Святого Духа. На хуторе сохранилось здание бывшей сельскохозяйственной школы, восстановлен класс, где учили крестьянских детей и представлены предметы народно-прикладного искусства. Здесь можно увидеть изделия талашкинских мастерских, мебель, изготовленную по эскизам С.В. Малютина, акварели М.А. Врубеля, керамику Н.К. Рериха и расписные балалайки, произведшие фурор на Всемирной выставке 1907 года в Париже. А еще здесь была расписана первая матрешка.

- Трансфер в гостиницы.

- Свободное время. Можно погулять по городу, поужинать в кафе (самостоятельно).

3 день

- Завтрак в отеле (включено). Освобождение номеров.

- 07:30 Отправление на экскурсию.

- 10:00 Легкая прогулочная экскурсия по эко-тропе '"К истокам'" (3 км), в ходе которой вы посетите святой источник Серафима Саровского (желающие могут окунуться в купель), сделаете красивое фото на смотровой площадке c видом на озеро Сапшо - '"Байкал в миниатюре'" и просто подышите чистейшим свежим воздухом.

- Отправление в поселок Пржевальское.

- 11:30 Посещение дома-музея Н.М. Пржевальского. Вы окажетесь в обстановке, которая окружала Николая Михайловича в последние месяцы жизни - все мемориальные комнаты бережно воссозданы по сохранившимся архивным документам. Самый драгоценный экспонат музея - последний автограф Пржевальского. Это подлинный кусочек деревянной колонны его дома.

- 12:40 Обед с дегустацией торта '"Сапшо'" (включено).

- Отправление в город Демидов.

- 14:20 Посещение дома-музея Юрия Никулина. Именно здесь родился всеми любимый артист. В музее собрано много интересных материалов о жизни и творчестве Юрия Никулина. Вам расскажут об этом замечательном актере, талантливом человеке, о его детстве и юности, о его родителях.

- 15:15 Отправление в город Смоленск.

- 16:40 Трансфер на ж/д вокзал.

- 18:21 Отправление из Смоленска в Москву Ласточкой № 732М.

- 22:52 Прибытие в Москву на Белорусский вокзал.

Стоимость тура зависит от выбранной категории отеля:

Гостиница 3* '"Респект Отель'": для взрослых и детей - 18100 р., одноместное - 20700 р., допместо (евро раскладушка) - 16150 р. 

Гостиница 3* '"Смоленскотель'": для взрослых и детей - 19300 р., одноместное - 22300 р., допместо (евро раскладушка) - 16900 р.

Гостиница 4* '"Стандарт Отель'": для взрослых и детей - 19600 р., одноместное - 22600 р.

Гостиница 5* '"Мегаполис'": для взрослых и детей - 21700 р., одноместное - 25100 р., допместо (евро раскладушка) - 18800 р.

В стоимость тура входит: проживание в гостинице выбранной категории, питание (завтраки, обеды), транспортное обслуживание, услуги экскурсовода, входные билеты в музеи с экскурсионным обслуживанием, дегустации. Предоплата 50% с человека, полная оплата за месяц до начала экскурсии. 

Дополнительно приобретаются ж/д билеты: Москва - Смоленск - Москва.

Вы можете заказать экскурсию в Смоленск  для своей группы. Стоимость рассчитывается индивидуально.",4000.00,images/Tours/smolensk.png,7,"Смоленск, туры, путешествия",Описание тура в Смоленск,Тур в Смоленск,"02-04.11, 29.11-01.12, 03-05.01, 24-26.01, 22-24.02, 08-10.03, 28-30.03, 18-20.04, 01-03.05, 09-11.05, 30.05-01.06, 12-14.06, 27-29.06.2025."
16,Тур в Марокко,"Авторский тур в Марокко на 7 дней: Рабат, Танжер, Шефшауэн, Фес, Мекнес!","Марокко – это одно из самых развитых государств Африки. Страна омывается Атлантическим океаном и Средиземным морем, а через Гибралтар рукой подать до Испании. 

Внимание! Для въезда в Марокко необходимо иметь загранпаспорт со сроком действия не менее 6 месяцев. Виза не нужна.

В программе: 

1 день

- 7.30 Вылет из Москвы. Авиакомпанией Royal Maroc из Аэропорта Домодедово. В пути 5-6 часов. Разница во времени - 2 часа.

- 11.00 Прилет в Касабланку. Встреча с русскоговорящим марроканским гидом. 

- Обзорная экскурсия по городу Касабланка – «белый дом», крупнейший и самый густонаселённый город в Марокко, получивший свое нынешнее название в 15 в.Мечеть Хасана II – главная достопримечательность города - это крупнейшая мечеть Марокко, построеная на платформе, расположенной в море, и имеет самый высокий в мире минарет, более 200 м высотой. 

- Обед в ресторане (по меню).

- Переезд в Рабат - столицу Марокко. Это самый безопасный и чистый город страны, так как тут живет сам король. В пути 1 час.

- Ночь в отеле Рабата Imperial Boutique Hotel Rabat. Размещение в 2-хместных номерах с удобствами в номере. Для тех кто едет один, делаем подселение. Либо 1-местное размещение за доплату.

- Вечером можно погулять по городу, сходить на набережную к Атлантическому океану, поужинать в ресторане отеля или города. 

2 день 

- Завтрак (включено).

- Обзорная экскурсия по Рабату. - вы увидите королевский дворец, мавзолей освободителя Марокко Мухаммеда V, Башню Хасана, ровесницу знаменитой севильской Гиральды, Касбу Удайа.

- Обед в ресторане (по меню).

- Переезд вдоль океана в город Асила 2,5 часа.

- Асила -  это старый порт на побережье Атлантического океана. Когда-то город был захвачен карфагенянами, римлянами и арабами.В конце XV века Асила была захвачена португальцами, но менее чем через сто лет они покинули город. С начала XIX века и до 1911 года Асила была крупной пиратской базой. А сейчас это маленькие живописный город с мощной белой крепостью.

- Переезд далее в город Танжер 1 час. Все эти города идут друг за другом.

- Размещение в Танжере в Апарт-отеле, где вы поймете, как живут типичные марроканцы. Вместо привычного номера около 20 метров в отеле, в эту ночь у вас будет пространство 90 метров, где половина площади - это шикарная гостинная с полноценной кухней, где по местным традициям вы должны встречать большие компании друзей. Напротив отеля есть супермаркет. А на первом этаже ресторан с очень вкусной едой и большими порциями. Там же можно поужинать или погулять по городу.

3 день 

- Завтрак в аппарт-отеле в номере или ресторане.

- Экскурсия в Касбу Танжера - это неприступная крепость, которую построили на вершине Танжера в 18 веке португальцы. Внутри расположены султанский дворец и мечеть. Дома внутри Касбы изначально были предназначены только для аристократии, а в кладке стен использовались обломки зданий ещё римской эпохи.

- Посетим Мыс Кап Спартель - самую северную точку Африки, где соединяется Средиземное море, а с Антлантическим океаном, а через Гибралтарский пролив видны берега Испании. Поднимемся на Маяк, который изображен на купюрах марроканских денег. 

- Посетим Геркулесовы пещеры, где по античным мифам, Геракл любил отдыхать после свершения своих славных двенадцати подвигов.

- Обед в кафе (по меню).

- Переезд в Шефшауэн 2 часа -  это тот самый знаменитый синий город!

- Размещение в риаде Hotel Dar Munir в центре Шефшауэна. Риад - это традиционный марроканские дома, переделанные под отели. 2-хместные номера с удобствами.

- Свободное время. Ужин в кафе (самостоятельно).

4 день

- Завтрак в риаде (включено).

- Экскурсия по Шевшауэну - прогуляемся с гидом по узким старинным улочкам сразными оттенками синего и голубого фото, основанный в 15 веке мавританским принцем, куда со временем прибыло большое количество изгнанных из Испании мусульман и иудеев —  они-то и придали городу его неповторимый арабо-мавританский облик. Благодаря тому, что на протяжении 400 лет Шефшауэн был закрыт для посещения иноверцами, здесь полностью сохранился средневековый архитектурный ансамбль. Первый христианин побывал в городе лишь в конце 19 в., и то под видом путешествующего раввина. Вы узнаете историю этого города и сделаете невероятно красивые фото.

- Обед в кафе (по меню).

- Переезд в Фес 3-4 часа. Этот город так же когда-то был столицей Марокко.

- Размещение в риаде Dar Fes Medina Ziat. Вечером свободное время погулять и для ужина.

5 день 

- Завтрак в риаде (включено).

- Экскурсия по городу. Фес – старейший из 4 имперских городов Марокко и состоит из «традиционных семи элементов»: это мечети, медресе (богословские школы), суки (рынки), фондуки (караван-сараи, дома, где торговцы останавливались и договаривались о сделках), фонтаны, хаммам (парная баня) и пекарня. Вы окунетесь в волшебную атмосферу средневекового восточного города, прогуляетесь по кривым и узким улочкам древней Медины и познакомитесь с многочисленными памятниками истории и архитектуры, которыми украсили бывшую столицу Королевства султаны из династий Меринидов и Алауитов. Посещение кожевенных мастерских, фабрики по производству фесской керамики, и долгая прогулка по рынку с покупками фиников, оливок и тд.

- Обед в процессе экскурсии (по меню).

- Возвращение в риад. Отдых после насыщенного дня. 

6 день

- Завтрак в риаде (включено).

- Далее мы отправимся в город Ифран - '"Марроканскую Швейцарию'". Переезд 1,5 ч. Именно здесь находиться горнолыжный курорт в горах Атласа, а все дома построеный в европейском стиле с красной черепицей. Но главная наша цель - это Лес Обезьян. Место, где любят отдыхать местные жители, а обезьянки дружелюбные. Обязательно возьмите бананы покормить их.

- Обед в кафе (по меню).

- Дегустация на Винодельне - познакомитесь с виноделием в Марокко. Конечно, лидер по изготовлению вина в Африке - это ЮАР. Но тут тоже очень достояные виноделы.

- Размещение в современном отеле по пути в город Мекнес. Новый соверменный отель в тихом месте. Как и по всему маршруту будут 2-хместные номера с удобствами.

7 день

- Завтрак в отеле (включено).

- Экскурсия по городу Мекнес - один из четырех имперских городов, является памятником Всемирного наследия ЮНЕСКО. Вы увидите сохранившиеся стены Старого города, самую длинную в Марокко, знаменитые ворота Баб Аль Мансур (шедевр архитектуры XVIII в.), и увидите открытый бассейн султана – редчайшее и прогрессивное для тех времен сооружение.  

- Обед в кафе (по меню).

- Возвращение в Касабланку. Свободное время в современном Торговом центре. Трансфер в аэропорт.

- Вылет из Касабланки в Москву. Прилет в Москву рано утром.

Стоимость тура: 1150 евро (около 1150 тр.). Предоплата: 350 евро. Доплата: 800 евро по прилету в Марокко.

Включено: проживание в отеле, питание по программе, все экскурсии, русскоязычный гид, транспорт всему по маршруту.

Дополнительно: перелет Москва-Касабланка-Москва (от 54 тр., багаж включен, тариф возвратный).",15000.00,images/Tours/Marokko.png,15,"Марокко, туры, путешествия",Описание тура в Марокко,Тур в Марокко,16.07.2025
11,Тур в Псков,Тур в Псков на 5 дней с отдыхом в Печорах! На поезде из Москвы!,"Удивительный город Печоры в Псковской области восхищает своим величием. Здесь находятся церкви, крепости, поместья, целебные источники, изумительные природные ландшафты. Однако главной достопримечательностью является древняя святыня - Псково-Печерский монастырь, красивый памятник XVI столетия, в котором гармонично сочетаются традиции храмовой и оборонно-крепостной архитектуры. Несколько столетий подряд живописные красоты этого края являются источником вдохновения известных поэтов, историков и художников.

Все даты: 13-17.09, 20-24.09, 27.09-01.10, 04-08.10, 11-15.10, 18-22.10, 25-29.10, 02-06.11, 08-12.11, 06-10.12.2024. 

Менеджер по турам в Псков: +79036586898 Галина (WhatsApp)

В программе:

1 день 

- 20:22 Отправление из Москвы в Псков поездом № 010Ч с Ленинградского вокзала.

2 день

- 08:16 Прибытие в Псков. Встреча с гидом на ж/д вокзале.

- Завтрак в кафе (включено).

- Обзорная экскурсия по городу '"Очарование провинциального городка'", в ходе которой вы увидите Кремль, Довмонтов город, Троицкий собор, захаб, стены и башни кремля, Покровскую башню и церковь Покрова и Рождества Богородицы от Пролома, Варлаамовскую башню и стены окольного города, купеческие палаты, храмы и часовни, памятники князю Александру Невскому и равноапостольной княгине Ольге.

- Обед в кафе (включено).

- 14:00 Размещение в отелях Пскова: '"Рижская'" 3*, '"Октябрьская'" 3*, Золотая набережная'" 3*, '"Двор Поздноева'" 3*, '"Каркушин Дом'" 3*, '"Old Estate Hotel & SPA'" 4* и '"Покровский'" 4*. Для вас 2-хместные номера с удобствами. Можно заказать 1-местное размещение за доплату.

- Свободное время. Ужин в ресторане гостиницы или кафе города (самостоятельно).

3 день

- Завтрак в отеле (включено).

- 09:00 Отправление в Пушкинские горы.

- Экскурсия в усадьбу Михайловское, которая познакомит вас с жизнью и творчеством А.С. Пушкина. Вы побываете в доме-музее и осмотрите мемориальный парк конца XVIII века, в котором сохранились липовая '"Аллея Керн'" и '"Еловая аллея'".

- Экскурсия в Тригорское - усадьбу  друзей А.С. Пушкина Осиповых-Вульф. Вы погуляете по парку XVIII века, на территории которого сохранились: '"скамья Онегина'", банька, '"зелёная танцевальная зала'", '"солнечные часы'", '"дуб уединенный'" и липовая аллея.

- Обед в кафе (включено).

- Экскурсия в Святогорский Свято-Успенский мужской монастырь - очень уютное и уединенное место, разместившееся среди красивой природы, основанный в 1569 году царем Иваном IV и известен еще и как место последнего упокоения А. С. Пушкина. Главные достопримечательности монастыря - это Успенский собор и фамильная усыпальница Ганнибалов-Пушкиных. 

- 19:00 Возвращение в Псков. Трансфер в гостиницу.

- Свободное время. Ужин в ресторане гостиницы или кафе города (самостоятельно).

4 день

- Завтрак в отеле (включено). Освобождение номеров.

- 11:00 Отправление в Изборск.

- Экскурсия в музей - заповедник '"Изборск'" - одно из древнейших славянских поселений, окутанное  легендами и пропитанное подвигами и кровью защитников. Перед вами разворачивается история городища - места сидения легендарного варяжского князя Трувора и история каменной крепости, возведенной на горе с поэтическим названием '"Журавлиная'". С этих древних мест открываются бескрайние просторы, среди которых главенствующую роль играет Изборско-Мальская долина с зеркалом озерных вод,  и  со звучащими источниками-водопадами - Словенскими ключами.

- Отправление в Печоры.

- Обед в кафе (включено).

- Экскурсия в мужской действующий Свято-Успенский Псково-Печерский монастырь - один из самых крупных и старейших в России, первоначально расположенный в пещерах, где хоронят монахов, и сохранивший захоронения таких предков, как: В.Н. Татищева, М.И. Кутузова, М.П. Мусоргского, А.С. Пушкина. Это историко-архитектурный ансамбль из 11 храмов XV-XX веков, включающий хозяйственные постройки и большую звонницу с сохранившимся набором старинных колоколов. Это крепость XVI века с 9 крепостными башнями и полным комплексом стеновых ограждений.

- 17:15 Размещение в отеле 3* '"Печоры-Парк'" в тихом месте, которое придется по душе любителям неспешного отдыха наедине с природой и историей. Для вас 2-хместные номера с удобствами. Можно заказать 1-местное размещение за доплату.

5 день

- Отдых на территории отеля в центре города Печоры, недалеко от Псково-Печерского монастыря. Можно самостоятельно посетить вечернее богослужение (в 18:00) и утреннюю литургию (в 10:00) в храмах на территории монастыря.

- Завтрак и обед по графику отеля (включено).

6 день

- Завтрак в отеле (включено). Освобождение номеров.

- 12:00 Трансфер в г. Псков. Свободное время в городе.

- Прибытие на ж/д вокзал (самостоятельно).

- 19:25 Отправление из Пскова в Москву поездом № 010Ч.

7 день

- 06:44 Прибытие в Москву на Ленинградский вокзал.

Стоимость тура зависит от выбранной категории отеля:

Отель 3* '"Рижская'": для взрослых и детей - 24390 р., одноместное - 30870 р.

Отель 3* '"Октябрьская'": для взрослых и детей - 24150 р., одноместное - 30740 р.

Отель 3* '"Каркушин Дом'": для взрослых и детей - 23550 р., одноместное - 37710 р.

Отель 3* '"Золотая набережная'": для взрослых и детей - 25840 р., одноместное - 37490 р.

Отель 3* '"Двор Поздноева'": для взрослых и детей - 27940 р., одноместное - 41670 р.

Отель 4* '"Покровский'": для взрослых и детей - 28130 р., одноместное - 40840 р.

Отель 4* '"Old Estate Hotel & SPA'": для взрослых и детей - 29450 р., одноместное - 43450 р.

В стоимость тура входит: проживание в отеле 3* '"Печоры-Парк'" - 2 ночи, проживание в выбранном отеле Пскова - 2 ночи, питание: 5 завтраков, 4 обеда, экскурсии по программе, услуги гида, транспортное обслуживание, трансфер Псков - Печоры - Псков, входные билеты в музеи. Предоплата 50% с человека, полная оплата за месяц до начала экскурсии. 

Дополнительно приобретаются ж/д билеты: Москва - Псков - Москва.

Вы можете заказать экскурсию в Псков для своей группы. Стоимость рассчитывается индивидуально.",5000.00,images/Tours/Pskov.png,5,"Псков, туры, путешествия",Описание тура в Псков,Тур в Псков,20.12.2024
18,Тур в Узбекистан,вторский тур в Узбекистан 8 дней/7 ночей! На самолете из любого города!,"Гарантированные выезды и небольшие группы. Делаем подселение для тех, кто один. Встретим с любого рейса!

В программе:

1 день (воскресенье)

Прибытие в международный аэропорт Ташкента за день до начала тура. Трансфер в гостиницу, размещение в отеле Ташкента. Свободное время. Ужин самостоятельно.

2 день (понедельник)

07:30-08:30 - завтрак в гостинице.

09:00 – встреча с гидом в холле отеля.

Поездка в горы Тянь Шаня. По дороге вы увидите аэродром «Тузель». Дорога до нашей первой остановки на новом горнолыжном курорте Амирсой займёт около двух часов. По современной канатной дороге Вы подниметесь на высоту 2290 метров, насладитесь красивыми видами горных вершин и подышите чистым, горным воздухом.

Проехав рядом с курортом Бельдерсай, мы направимся к озеру Чарвак. Наш путь пролегает также и через известный курорт Чимган, который в советские годы был популярным местом и принимал туристов со всех республик большой страны.

Горное озеро Чарвак, застывшие петроглифы, древние платаны. На озере Чарвак у нас будут три остановки для осмотра озера с разных ракурсов. На высоком обрыве над озером, мы сделаем свои красивые фото на фоне живописнейших пейзажей.

Увидим и плотину, образующую западный берег озера — настоящее инженерное чудо.

Далее мы спустимся к посёлку Ходжикент. Там пообедаем в чайхане, в которой вкусно готовят блюда узбекской кухни. По завершению трапезы продолжим экскурсию. Сходим к скалам, на которых застыли петроглифы — творчество художников глубокой древности. После наскальных изображений, пройдём к огромным и древним платанам. Посмотрим на рыб в пруду, поднимемся выше и поговорим про басмачей у горного водопада. Дорога обратно в Ташкент займёт полтора часа.

Ночь в Ташкенте.

3 день (вторник)

08:00-10:00 - завтрак в отеле.

11:30 - встреча с гидом в холле отеля.

Наш экскурсовод проведет обзорную экскурсию по историческим объектам (XV-XIX вв.). Продолжительность экскурсии - 3-4 часа.

Время обеда Вы проведете в одном из ресторанов города, где отведаете блюда национальной узбекской кухни

После обеда Вы можете самостоятельно погулять по столице или посетить самый старый базар Ташкента - «Чор-Су».

17:45 - трансфер на ж/д вокзал к поезду «Афрасиаб» по маршруту Ташкент-Бухара, отъезд поезда в 18:45 часов (3 часа 45 минут в пути). Прибытие поезда в 22:37 часов.

Трансфер в гостиницу и размещение в отеле Бухары. Ужин самостоятельно.

4 день (среда)

07:00-10:00 - завтрак в отеле.

09:00 - экскурсия по архитектурным памятникам X-XIX вв. (пешеходная):

- ядро древней Бухары–крепость Арк (I-XXвв.);
- ансамбль Бала-хауз;
- динамическая усыпальница Саманидов;
- архитектурное сооружение XIV в. –мазар (место поклонения) – Чашма-Аюб;
- комплекс сооружений Пои-Калян («подножие Великого»),группирующихся около самого высокого минарета Бухары – Калян (башня для созыва на молитву);

Обед в одном из ресторанов города.

Закрытые торговые пассажи – «тимы» (XV в) и купольные рыночные строения – «таки» ( XVI в.);
- одна из самых древних мечетей – Магокки-Аттари;
- самый крупный водоем средневекового города - Ляби-Хауз, сооруженный в1620 г. Обрамляют его три монументальных здания: медресе (духовное мусульманское училище) Надира - Диван-Беги (1622г.), ханака Надира-Диван-Беги (странноприимный дом для дервишей и паломников) - 20-е годы XVI в., третье здание - медресе Кукельташ (1568-69гг) – это было одно из самых крупных медресе своего времени (160 худжр - келий).

Возвращение в отель. Ужин самостоятельно.

5 день (четверг)

8:00-8:50 - завтрак в отеле.

11:00 - выезд из гостиницы.

Продолжение экскурсии, вы отправитесь к северу от Бухары в загородную резиденцию последних бухарских эмиров - «Ситора-и-Махи-Хаса» (конец XIXв-1918 г).

Обед в ресторане города.

15:00 - трансфер на ж/д вокзал к поезду «Афрасиаб» по маршруту Бухара-Самарканд, в 15:30, (время в пути 1 час 35мин.), прибытие в 17:10.

Размещение в отеле Самарканда. Ужин самостоятельно.

6 день (пятница)

08:00 - 09:00 - завтрак в отеле.

10:00 – начало экскурсии по архитектурным памятникам XII-XX вв.:

- ансамбль Регистан – площадь трех медресе (духовные мусульманские училища):

- медресе Тилля-Кари (XVII в), медресе Шер-Дор (XVII в), медресе Улугбека (XV в).

- мавзолей Гур-Эмир – фамильная усыпальница династии Тимуридов по мужской линии (XV в., XVII в.);
14:00 – 15:00 – обед в национальном ресторане Самарканд. Продолжение экскурсии по архитектурным памятникам:

- мемориальный музей Улугбека (внук Тамерлана) и остатки построенной по его приказу обсерватории
(1428-29гг).

- мавзолей Ходжа Данияра

- посещение музея основания Самарканда (на территории древнего городища Афрасиаб). 

Возвращение в отель Самарканда. Ужин самостоятельно.

Вечернее шоу на площади Регистан.

7 день (суббота)

07:00-10:00 - завтрак в отеле.

09:00 – продолжение экскурсии по архитектурным памятникам XII-XX вв.:

- посещение фабрики по изготовлению самаркандской шелковой бумаги.
- посещение фабрики по ручному производству шелковых ковров,
- соборная мечеть Биби-Ханым (XV в.).
- ансамбль мавзолеев Шах-и-Зинда (XII-XIX вв.);

12:00 – 15:00 – обед в национальном узбекском ресторане. Также, мы сможем по желанию принять участие в приготовлении плова, рецепт которого существует с древних времён. 

Посещение «Сиаб» базара, который является крупнейшим и старейшим в городе, площадью в 7 гектар.

17:00 - трансфер на ж/д вокзал к поезду «Афрасиаб» по маршруту Самарканд-Ташкент в 18:00, время в пути 2 час 10мин., прибытие в 20:10.

Размещение в отеле Ташкента. Ужин самостоятельно.

8 день (воскресенье)

07:30-09.30 - завтрак в отеле. Выезд из отеля с 12 ч. Но можно оставить вещи на ресепшен.

Свободное время. Трансфер в аэропорт.

Стоимость: 780$ (аванс 280$ - оплачивается в рублях по курсу ЦБ на день оплаты, доплата 500$ - долларами по прилету в Ташкент).

Включено: хорошие отели с завтраками, праздничный ужин, все экскурсии и билеты, три скоростных поезда, фото в национальных костюмах, трансфер в/из аэропорта.

Дополнительно: перелет до Ташкента, медицинская страховка, канатная дорога - 20$, обеды и ужины по меню.",9000.00,images/Tours/Uzbekistan.png,10,"Узбекистан, туры, путешествия",Описание тура в Узбекистан,Тур в Узбекистан,"08-15.09.24, 06-13.10, 13-20.10, 27.10-03.11, 10-17.11, 17-24.11, 05-12.01, 02-09.03, 13-20.04, 20-27.04, 01-08.05, 12-19.05, 25.05-01.06.2025."
13,Джиптур по Дагестану,Джиптур по горному Дагестану на 4 дня/3 ночи! На самолете из Москвы!,"Приглашаем вас в тур по природным и архитектурным красотам республики Дагестан. Вы воочию увидите самые красивые места '"страны гор'".


Менеджер по турам в Дагестан: +79036586898 Галина (WhatsApp)

Гарантия выезда! Выбирайте подходящую вам дату. Моментально делаем подтверждение о наличии мест. Сразу можете покупать авиабилеты.

Важно! Группы 4-6 человек с проживанием все три ночи в горах в новых современных 2-хместных домиках с удобствами.

В программе:

1 день (среда)

- 12:00 Сбор группы в аэропорту '"Уйташ'" Махачкалы. Помогаем подобрать авиабилеты.

- Обед на форелевом хозяйстве. Вам будет подана свежевыловленная зажаренная на углях до хрустящей корочки форель или шашлык (включено).

- Катание на скоростном катере по Чиркейскому водохранилищу - от 1200 р. Вы увидите потрясающее красивое ущелье, на дне которого под толщей воды покоится аул Старый Чиркей.

- Знакомство с Сулакским каньоном - это самый глубокий каньон Европы и поистине уникальный шедевр природы. С обзорной площадки вы сможете оценить всю красоту этого места. 

- Посещение комплекса пещер '"Нохъо'" - 500 р., где штольни объединяются навесным мостом, размещенным на возвышенности над рекой Сулак, по обе стороны которого присутствуют смотровые площадки, откуда открываются невообразимые виды. Здесь у вас будет возможность совершить прыжок с тарзанки за дополнительную плату.

Размещение в гостевом доме в горах. Для вас 2-хместные номера с удобствами. Возможно 1-местное за доплату или 3-хместное размещение под запрос.

- Ужин в кафе (самостоятельно, по меню).

2 день (четверг)

- Завтрак в гостевом доме (включено). 

- Посещение аула-призрака Старый Кахиб, который спрятался на склоне горы. Дома здесь как будто растут из скалы, надежно укрывая своих обитателей от взора посторонних. Вы прогуляетесь среди древних руин, любуясь не только архитектурой, но и ландшафтом древнего поселения.

- Обед в гостях у гостеприимной аварской семьи (включено).

- Посещение села Старый Гоор - настоящей жемчужины Дагестана. Здесь вы сделаете шикарные фотографии на '"языке тролля'", названном так кем-то из первых туристов, что конечно является отсылкой к норвежской достопримечательности, и не уступает ей по красоте. Вы увидите старинные сторожевые башни, которые охраняются государством, и хранят в себе легенды былых веков. Сюда можно добраться только на джипе.

- Возвращение в гостевой дом.

- Ужин в кафе (самостоятельно, по меню).

3 день (пятница)

- Завтрак в гостевом доме (включено). 

- Посещения аула Гамсутль, расположенного на высоте почти 1500 метров над уровнем моря. Затерянный среди гор, покинутый жителями, он эффектно расположился на склоне горы. Узкие улочки древнего поселения увлекут вас в глубины истории. Здесь за каждым поворотом вас ждут впечатляющие виды. К Гамсутлю ведет трекинговый маршрут, проходящий через лес. По пути вы сможете освежиться ледяной водой из горного источника и перевести дух.

- Отправление в село Гуниб.

- Обед в кафе, где вы попробуете традиционные блюда аварской кухни (включено). 

- Экскурсия в Краеведческий Музей Гуниба, который расскажет об истории Кавказской войны и о человеке, неразрывно с ней связанного. Имам Шамиль - это легендарная личность для всего дагестанского народа, имя которой здесь известно каждому.

- Возвращение в гостевой дом. 

- Ужин в кафе (самостоятельно, по меню).

4 день (суббота)

-  Завтрак в гостевом доме (включено). Освобождение номеров.

- Посещение Хунзахского высокогорного плато - самого обширного в Дагестане. Это родина великих войнов и поэтов. Цолотинский каньон, расположенный у подножья крепости XIX века, впечатляет своим размахом. Вы прогуляетесь по самому краю под шум срывающихся на дно каньона рек Тобот и Итля-тляр.

- Обед в кафе, где будут представлены блюда традиционной аварской кухни. (включено). 

- Групповой трансфер в аэропорт Махачкалы.

- 19:00 или позже Вылет в Москву.

Стоимость тура для взрослых - 43000 р., для детей до 12 лет - 38700 р., 1-местное размещение - 52000 р. Предоплата 30%. Доплата за 14 дней до начала тура.

В стоимость тура входит: проживание в гостевых домах, 2-хразовое питание, все экскурсии, входные билеты в музеи, экскурсовод, джип, трансфер в аэропорт.

Вы можете заказать джиптур по Дагестану для своей группы. Стоимость рассчитывается индивидуально.",8000.00,images/Tours/Dagestan.png,6,"Дагестан, джиптур, путешествия",Описание джиптура по Дагестану,Джиптур по Дагестану,"23-26.04, 30.04-03.05, 07-10.05, 14-17.05, 21-24.05, 28-31.05, 04-07.06, 11-14.06, 18-21.06, 25-28.06, 02-05.07, 09-12.07, 16-19.07, 23-26.07, 30.07-02.08, 06-09.08,13-16.08, 20-23.08, 27-30.08, 03-06.09, 10-13.09, 17-20.09, 24-27.09, 01-04.10, 08.10-11.10.2025. "
14,Тур в Калининград,Вы перенесетесь на несколько веков назад в Кёнигсберг и погрузитесь в европейскую атмосферу региона,"Приглашаем вас провести свой отдых в кругу семьи и близких в Калининградкой области. Данный тур будет интересен и взрослым и детям. Вы перенесетесь на несколько веков назад в Кёнигсберг и погрузитесь в европейскую атмосферу региона, увидите старинную архитектуру, величественные кирхи и оборонительные ворота, брусчатые улочки и районы старых немецких вилл. Попробуете Калининград на вкус, ведь здесь огромное количество уютных кафешек с запахами свежей выпечки и свежесваренного кофе, продегустируете лакомство королей - марципан, прогуляетесь по широким песчаным пляжам Балтийского моря и непременно найдете янтарь.

В программе:

1 день (воскресенье)

- 12:00 Прибытие в Калининград. Трансфер в гостиницу - 1500 р. (по желанию, за доплату).

- 14:00 Размещение в гостиницах: '"Вилла Гламур'", '"Турист'", '"Калининград'" и '"Marton Palace'". Для вас 2-хместные номера с удобствами. Можно заказать 1-местное размещение за доплату.

- Обзорная экскурсия по Калининграду, в ходе которой вы познакомитесь с удивительным городом, окутанным тайнами и легендами, поистине российским уголком с европейской атмосферой гостеприимства. Вам предстоит увидеть старинный Кафедральный собор, корабли и набережную Музея мирового океана, знаменитые мосты и здание бывшей Кёнигсбергской биржи. Незабываемое зрелище и уникальные фотографии обеспечены!

- Посещение острова Канта, где вы найдете '"сердце Кёнигсберга'" и поприветствуете хомлина-дедушку Карла. Хомлины - это сказочные персонажи, которые прячутся на знаковых улицах города Калининграда, в Рыбной деревне и у Музея мирового океана, в районе старых немецких вилл Амалиенау и у здания Биржи Кенигсберга.

- Дегустация марципана в Бранденбургских воротах - лакомства королей (включено).

- Свободное время на обед в Рыбной деревне, где вы насладитесь запахами и вкусом свежей выпечки и ароматного глинтвейна, доносящихся из множества кафе.

- 17:00 Трансфер в отель.

- Свободное время. Можно погулять по городу, поужинать в отеле или кафе (самостоятельно).

2 день (понедельник)

- Завтрак в отеле '"шведский стол'".

- Экскурсия в Национальный парк Куршская коса - это тонкая полоска суши, созданная силой ветров и волн Балтийского моря. Вы узнаете легенды Танцующего леса, увидите самую высокую песчаную дюну и услышите историю местной школы планеризма. Природная уникальность территории Нацпарка заключается в том, что это самая крупная песчаная пересыпь в мире. Здесь же вы сможете купить копченую рыбку, такую как угорь и лещ, авторские украшения из янтаря от местных мастеров , прогуляться по широкому песчаному пляжу Балтийского моря, вдохнуть аромат ветра и сосен. 

- Отправление в Зеленоградск.

- Обзорная экскурсия по Зеленоградску, в ходе которой вы погрузитесь в чарующую атмосферу европейского городка: уютные кафе, архитектура Курортного проспекта, оформление витрин магазинов. Вы увидите колесо обозрения '"Глаз Балтики'", кирху Святого Адальберта (ныне Свято-Преображенский собор), попьете минеральной воды в бювете '"Королева Луиза'". На каждом углу вам встретится очаровательный котик, ведь Зеленоградск - город котов, здесь есть даже светофор для котов и свой Котошеф. Город будто сошел с открытки, весь украшен и подсвечен.

- 19:00 Трансфер в отель.

- Свободное время. Можно погулять по городу, поужинать в отеле или кафе (самостоятельно).

3 день (вторник)

- Завтрак в отеле '"шведский стол'".

- Экскурсия в замок Шаакен, который за свою историю перенес немало: набеги и пожары, войну и разруху. Он был основан еще в 1270 году на месте прусской крепости, и до сих пор над входом можно увидеть девиз ордена '"Помогать. Защищать. Исцелять'". Вы прогуляетесь по подвалам замка, посетите музей инквизиции, увидите осадные орудия и каминный зал.

- Посещение сыроварни '"Schaakendorf'", основанной в здании замковой конюшни XIX века, реставрация которой позволила подчеркнуть историческую уникальность прусского наследия. Здесь вам расскажут и покажут, как производится и созревает сыр, какие нужны для этого условия, и за счет чего каждый сорт имеет свою изюминку. Также вы познакомитесь с производством шоколада ручной работы.

- Дегустация сыра, марципана, шоколада и бокала вина (включено).

- Трансфер в отель.

- Свободное время. Можно погулять по городу, поужинать в отеле или кафе (самостоятельно).

 4 день (среда)

- Завтрак в отеле '"шведский стол'".

- Экскурсия в пос. Янтарный, где сосредоточено 90% мировых запасов янтаря. На мануфактуре вы узнаете, как отличить настоящий янтарь от подделки, увидите процесс обработки солнечного камня. Вы прогуляетесь по '"Городу Мастеров'", через аллею парка Беккера выйдете к морю на широкий пляж с белым песком, который входит в список самых чистых пляжей мира. И там непременно найдете кусочки янтаря.

- Обзорная экскурсия по Светлогорску, где прекрасные старые немецкие виллы восхищают, а запах сосен и моря наполняет жизненной энергией. Более ста лет назад здесь уже отдыхали состоятельные туристы. Вам расскажут причины такой популярности курорта Раушена-Светлогорска, и вы непременно захотите вновь сюда вернуться.

- Трансфер в отель.

- Свободное время. Можно погулять по городу, поужинать в отеле или кафе (самостоятельно).

5 день (четверг)

- Завтрак в отеле '"шведский стол'".

- 12:00 Освобождение номеров.

- Свободный день. Можно посетить бесплатный музей Почтовых открыток Кёнигсберга, находящийся в Башенке Смотрителя Высокого моста в Рыбной деревне или Калининградский зоопарк. Взрослые и дети будут очарованы просторными вольерами под открытым небом для животных, дендропарком и редкими растениями. 

- Трансфер в аэропорт к любому времени вылета - 1500 р. (по желанию, за доплату).

Стоимость тура зависит от выбранной категории отеля:

Отель 3* '"Вилла Гламур'": для взрослых и детей - 21900 р., доп место - 19500 р., 1-но местный номер - 33000 р.

Отель 3*  '"Турист'": для взрослых и детей - 24900 р., доп место - 22900 р., 1-но местный номер - 33000 р.

Отель 3*  '"Калининград'": для взрослых и детей - 27100 р., доп место - 25100 р., 1-но местный номер - 35200 р.

завтрак - 600 р (в стоимость не входит)

Отель 4*  '"Marton Palace'": для взрослых и детей - 25900 р., 1-но местный номер - 33000 р.

В стоимость тура входит: размещение в выбранном отеле, питание: 4 завтрака, транспортное и экскурсионное обслуживание по программе, входные билеты, дегустация марципана, дегустация сыра, шоколада. Предоплата 30% с человека, полная оплата за месяц до начала экскурсии. В случае отказа от экскурсии за 14 дней до начала экскурсии, оплата не возвращается.

Дополнительно приобретаются авиабилеты: Москва - Калининград - Москва. 

Вы можете заказать экскурсию в Калининград для своей группы. Стоимость рассчитывается индивидуально.",6000.00,images/Tours/Kaliningrad.png,8,"Калининград, туры, путешествия",Описание тура в Калининград,Тур в Калининград,"03-07.11, 10-14.11, 17-21.11, 24-28.11, 01-05.12, 08-12.12, 15-19.12, 22-26.12.2024"
